Fecha,ExPit,Movimiento Total,Lastre,Inpit,Llenado SL,Chancado Oxidos,Chancado Sulfuros,Run Time,TPD LC,Ley Alim.,% Rec.,Ley Conc.,TPH LS,ton conc,Fino LC
29-06-2020,"873742,05","975130,33","264026,24",,"102529,97","43061,21","414055,17","99,7070833333333","120145,80225","0,756915482780539","84,2008792299069","25,3601461968045","5485,40099370952","3019,40148384972","765,724630572772"
30-06-2020,"893906,41","959917,82","214682,34",,"87694,7899999998","13014,49","426043,4",100,"111905,690392615","0,965079782795306","83,1464503922548","28,4288429508398","5745,01708808311","3158,63845093154","897,964364600165"
01-07-2020,"937058,8","973494,91","225077,83","7237,17","104322,53",0,"470902,99","99,7070833333333","131264,000159171","0,915650008152593","83,0549113030378","25,3734664691101","5485,40099370952","3934,23822431649","998,252616661856"
02-07-2020,"1052470,37","1084110,8","329887,3","6556,23","115641,46",0,"444476,31",100,"137880,410113995","1,03904610671953","84,1315268686951","28,1540358136546","5745,01708808311","4281,1012381021","1205,30277579408"
03-07-2020,"979176,2","1064169,54","318855,49","3091,39","99608,33",0,"397207,24",100,"134022,140895387","1,11917638662413","83,5193475719182","31,7246381951377","5584,25587064111","3948,80333527819","1252,74357115453"
04-07-2020,"1004196,38","1068033,05","305485,01","5847,16","113272,72",0,"441146,3","99,1617083333333","120509,127733903","1,0436505636398","79,0333611570289","27,2617051691109","5063,66191141083","3646,13286632455","993,997992091454"
05-07-2020,"998759,53","1069244,58","266184,49","5819,03","75986,89",0,"472578,18","94,5125","123476,680838246","1,15925079848807","84,6565434106714","25,5553645213612","5443,57804691821","4741,77346797494","1211,77749451819"
06-07-2020,"1025641,14","1079292,81","312580,56","5823,88","110686,7",0,"424595,19","95,8833333333333","111401,106364322","1,20749775518088","84,053725878196","26,4389829072049","4841,00062421005","4276,49591271956","1130,66202339124"
07-07-2020,"1041413,34","1069334,79","338272,95",0,"111550,97",0,"412716,57","77,4501041666667","86982,6521338144","1,02747478512549","83,1533797019136","27,9343511398664","4679,49941609259","2660,38895183529","743,162391491883"
08-07-2020,"985011,72","1004191,53","318458,76",0,"127837,27",0,"394978,18","75,7166666666667","82858,9872949378","1,04413561905252","82,8291446875575","28,0757267085568","4559,70654275467","2552,39980507065","716,604793781372"
09-07-2020,"1017121,63","1074965,64","351476,59",0,"118506,84",0,"472074,75","97,5464583333333","117181,447561962","1,05004754046653","86,130798488581","27,0421253831185","5005,36913231355","3919,09212068914","1059,80580515667"
10-07-2020,"921563,05","978314,84","370363,46",0,"114477,46",0,"384591,42","81,7916666666667","86401,8668905836","1,15294376649935","88,1519555599462","31,5841145579002","4401,52149213365","2780,31816355012","878,138873849776"
11-07-2020,"909098,55","971933,21","315074,43",0,"121270,37","30023,44","356703,92","75,6825833333333","78744,7047663642","1,00160721158687","87,6791819611011","29,3373320590066","4335,25022634909","2357,19045910609","691,536792251176"
12-07-2020,873327,959782,"283752,16",0,"68975,73","76364,22","428413,7405","99,02625","119388,653754728","1,09245146084408","84,3757522752083","34,5786665651382","5023,44301615009","3182,54549657501","1100,48179554449"
13-07-2020,"866072,26","964306,1","293577,29",0,"117325,38","61845,26","425694,4425",100,"121886,440366518","1,01924391692657","82,7539306118677","36,6856608632789","5078,60168193826","2802,37213486887","1028,06873752502"
14-07-2020,"828331,5","957459,84","311226,44","7177,03","88430,05","70490,87","390045,73","95,1691666666667","106616,291641072","1,06643733876544","84,9247538270992","30,6343924852454","4667,84110929976","3151,98353063163","965,59100584399"
15-07-2020,"759429,49","905771,45","362230,98","7565,03","110625,59","64070,44","269618,29",38,"46673,0632542472","0,931139636256222","83,2911416332294","26,0753803040974","5117,66044454465","1388,19118696652","361,976131349485"
16-07-2020,"904598,72","1011742,01","402206,62","12656,56","61538,74","68186,15","381900,64","74,425","98335,4483806626","0,909363844646043","83,9494430722567","27,9853557699622","5505,28767107057","2682,46937527816","750,698598091876"
17-07-2020,"890878,07","1031565,9","350876,16","29437,56","75329,23","56961,31","449485,39","98,1225","121981,312347618","0,955022814707556","81,0752555446205","31,8330573260852","5179,80552997604","2966,99642455949","944,485672692919"
18-07-2020,"892901,49","1036898,96","336465,84","85860,52","36045,2","54415,06","405078,79","98,0783333333333","115920,65404453","0,834964414140053","80,6812247470174","26,7489574624235","4924,66285641281","2919,40542928652","780,910516435533"
19-07-2020,"858343,3","1034283,84","377583,17","43195,07","31022,54","74760,81","436537,83","93,4845833333333","111313,218618295","0,781456683335275","81,6742034967785","26,1697879796317","4961,30015280128","2714,79070803753","710,454972384165"
20-07-2020,"869455,62","954349,05","272670,88","23887,22","53490,65","48389,42","441568,25",100,"109946,387999915","0,732837708069833","83,3534966128308","25,4112534455649","4581,09949999646","2642,9351639411","671,60295291103"
21-07-2020,"931633,59","1064695,28","437477,76","25735,07","55477,21","51126,3235","409772,62","99,97625","118743,787263108","0,715001593505517","76,8075979799569","26,2722089929006","4948,83315050276","2482,13557666062","652,111846187416"
22-07-2020,"873377,33","949528,15","433836,38","11770,95","99786,81","64490,3336","262466,48","99,6041666666667","118909,467409558","0,785449008042822","75,8904725074071","23,7487661797796","4974,25088515199","2984,56220281936","708,796699037649"
23-07-2020,"876192,27","970506,34","357529,39","17763,61","118993,78","64479,4599","354689,23",100,"122300,179896675","0,710475739622511","76,0143361523314","22,0835946368494","5095,84082902812","2990,90135191054","660,498530543973"
24-07-2020,"934122,61","996707,01",383635,"18123,48","106989,06","17443,7622","366390,34","96,8458333333333","111051,6125159","0,71974698780128","78,4106925764397","21,9842785032685","4777,85193459966","2850,80687675784","626,729323376773"
25-07-2020,"972601,54","1091914,45","448471,74","22946,32","78519,56",0,"428194,86","99,1819583333333","116239,717256142","0,790282555210131","82,1178517564922","24,2884483434907","4883,26872520673","3105,80903338842","754,352822722014"
26-07-2020,911415,1003032,"362862,45","20082,88",70766,"28724,5421","438013,2","97,3495","117314,44623965","0,715696655501551","81,5834311654719","24,8170966692485","5021,1885286027","2760,14232539544","684,98718910223"
27-07-2020,"906600,8","1068235,78","404246,53","4625,93","91902,6499999998","48200,9296","377739,34",100,"114221,522254567","0,829952369277928","78,8735725346283","26,6813661283296","4759,23009394028","2802,36411362636","747,709029405567"
28-07-2020,"909921,11","1112156,41","413641,95","13986,43","96413,1499999999","65260,2323","422146,91",100,"113431,368086858","0,939124487440695","77,2326899259048","27,8411161349327","4726,3070036191","2955,09096506362","822,730307476267"
29-07-2020,"857444,11","1121202,63","349765,51","7946,24","81935,9","69244,4491","393512,51","97,8783333333333","107968,883642433","0,869828489467791","79,7014002906068","31,3217479239484","4596,21995174422","2389,74851589036","748,511006163477"
30-07-2020,"964677,61","1126272,82","307737,35","14745,94","103159,5","70359,0373","429584,87",100,"115296,755664933","1,10085977061057","79,2373923770618","32,0810378422656","4804,03148603889","3134,95169617879","1005,72503998786"
31-07-2020,"928904,98","1090898,86","257749,37","12119,18","125033,97","70219,6192","440260,69","95,7020833333333","111960,602704646","1,03160610795563","81,6634707584191","27,1583368610256","4874,52827588419","3472,99210085222","943,206893906255"
01-08-2020,"974219,5","1098686,99","320905,1","17454,18","96302,57","68686,6797","413645,83",100,"123487,417266365","1,16146243267307","80,2747697632904","32,7557112189543","5145,30905276521","3514,95613544853","1151,34888120044"
02-08-2020,"946521,15","1136416,11","263172,64","8627,18","117375,82","82450,8245","453578,79",100,"133694,79300725","1,2467136818352","82,0853535383536","33,3485440753187","5570,61637530208","4102,70238132666","1368,19151191587"
03-08-2020,"915373,48","1077447,87","276205,56","23920,2","51669,96","50732,746","422763,83","97,9","104375,848546087","1,18207154507889","77,8973687172394","33,4282986245373","4442,2816030851","2875,09564654346","961,095558467619"
04-08-2020,"869787,36","1055335,75","370705,87","34221,6","34818,15","53291,8582","413672,02","98,0166666666667","114786,5987993","1,182426883592","75,6256392541636","36,2523685280681","4879,55274610186","2831,37996993586","1026,44230113105"
05-08-2020,"828188,91","930384,23","313509,82","9564,2","41939,89",0,"438409,93","81,9","98262,8966224499","1,16075634018314","78,989697948284","36,2515475026026","4999,12986479701","2485,27544796025","900,950809587831"
06-08-2020,"930898,33","1054348,29","366053,75","6044,07","63794,96",0,"445682,99","85,8041666666667","108601,941873525","0,934051745693807","79,374210390737","31,3420207767717","5273,73097040378","2568,9813477761","805,170667771374"
07-08-2020,"939941,64","1017705,57","428723,51","11038,6","62388,46",0,"403707,21",100,"124892,7824533","0,886597124907093","79,6273800654439","29,8613943057417","5203,86593555417","2952,67742951429","881,710649803902"
08-08-2020,"966669,02","1041142,71","474070,04","7037,35","60072,1",0,"463921,9","99,5","120623,1274821","0,930297863840786","77,4130580905656","30,2600642049915","5051,21974380653","2870,76066602656","868,694020711277"
09-08-2020,"939622,51","1036843,67","460396,92","4057,51","44441,52","42294,91","416820,64","97,9416666666667","120867,564441375","0,764079086312506","70,8997782741022","33,3536689250812","5141,98776658619","1963,13129820869","654,776313769176"
10-08-2020,"882114,12","1037740,92","406812,18","4910,14","86162,19","56723,66","441479,98","95,8833333333333","119815,9181955","0,76683247196884","73,7356895392885","32,8915254902462","5206,67122351382","2059,72265070932","677,474200686432"
11-08-2020,"830078,47","1020897,84","367764,83","11410,11","51093,78","75536,81","414069,72","99,9833333333333","123506,341074833","1,01971357062869","78,9617159446487","34,1474965684126","5146,95537067984","2912,22658636223","994,452473642443"
12-08-2020,"811994,76","961471,76","381736,71","6868,57","46818,99","66864,04","317372,36","99,1766666666666","120316,126795","0,859907518532339","80,12623876593","28,9585440035255","5054,78971847377","2862,68540225085","828,992011893314"
13-08-2020,"881632,03","1028655,9","421864,64","10726,26","44748,04","71367,75","320267,81","96,9489583333333","119330,640983333","0,851985364001962","82,2477989054945","26,5076688295587","5128,58531586996","3154,54593523455","836,19658958828"
14-08-2020,"876275,69","1047824,07","354752,28","11322,81","38618,61","60060,46","290837,04","70,51375","80315,6995058333","0,760963919170762","81,2229528740659","26,6902165392069","4745,86513894059","1859,90682699997","496,413159553785"
15-08-2020,829544,"1021920,22","363588,01","10497,34","15067,98","70979,75","312464,16","98,7508333333333","116788,196616667","0,779894095955514","81,8651806584582","25,2183750976978","4927,73042491906","2956,76432366229","745,647917896062"
16-08-2020,"874651,91","999570,45","355589,39","9735,89","36640,78","81174,45","317620,68","85,58125","97663,3067233333","0,675709958516931","78,1277445036853","27,9856103581406","4754,90185853275","1842,30804153113","515,581150099591"
17-08-2020,"844238,53","1021937,68","356985,22",16684,"28211,48","82915,6","328005,5","86,85","93733,2313799999","0,755196673195629","82,4240590616877","27,2306298916797","4496,89269717904","2142,64374782998","583,455388868797"
18-08-2020,"827949,32","997029,05","344818,51","13505,31","20087,73","60989,9916","313365,29","96,8558333333333","106854,755238333","0,849971763569045","83,373419119824","26,1008949323412","4596,81292807753","2901,15255244029","757,226779539375"
19-08-2020,841087,"950046,13","276149,3","6663,9","25110,39","37556,7316","425698,08","85,8608333333333","98669,0046515","0,899190993175746","82,7035832392926","26,5608667443745","4788,2234163569","2762,57946083509","733,765049299869"
20-08-2020,"863248,59","1041941,99","356402,25","8458,4","37795,08","88499,89","432843,1","97,125","118157,788426667","1,02612023845796","83,4285290480733","28,4833171312055","5068,97419247819","3551,27765081301","1011,52167549069"
21-08-2020,"853221,7","1030352,43","359824,41","3916,86","33000,37","83932,936","470928,21","97,7666666666667","121062,617465167","0,967837551520871","81,5248597598973","27,2292193005532","5159,50466523894","3508,06311735141","955,218199425438"
22-08-2020,"887570,37","1003321,44","295345,6","9761,11","44292,14","81044,47","446007,94","97,2625","110102,608796667","1,08616773089678","77,6775245456087","28,4873256055374","4716,72916063345","3260,90542177101","928,944745188529"
23-08-2020,"926048,33","1021191,75","336656,93","11490,62","35496,18","28471,44","435234,15",100,"124807,056385","1,21212228682689","75,420335924414","34,9762662127468","5200,29401604166","3262,12496172827","1140,96951080654"
24-08-2020,"718619,65","852863,77","325952,98","5647,34","6412,67","10220,6766","419256,31","91,4825","107436,433141667","1,12321154995911","79,5770116760976","35,2070366143221","4893,30532896395","2727,54105551942","960,286378087391"
25-08-2020,"439876,57","599997,38","162604,01","8767,83","11809,75","29245,5","351379,59","92,7083333333333","85063,9445283333","1,1228258410286","87,0534869639984","31,1850947176096","3823,09863048689","2666,22637892402","831,465221653348"
26-08-2020,"720244,4","846638,31","180431,64","7882,22","30672,37","64266,38","448481,44","89,4372916666667","87380,7733316667","0,821585438061968","83,4150258755597","28,6396833748809","4070,85846142976","2090,95503496244","598,842901524372"
27-08-2020,"864151,66","1021623,4","213760,84","12853,47","19657,05","73688,96","472291,06","85,084375","93799,861445","0,676216172793868","81,1977788185542","25,0523763444532","4593,47272658268","2055,80999066861","515,02925578917"
28-08-2020,"880527,2","1068992,38","308442,54","13249,23","26130,83","72956,61","456841,87","97,6070833333333","104353,547024333","0,821570596013579","80,5749692198574","25,3317190392517","4454,66077958538","2727,01538918048","690,799876544356"
29-08-2020,"773302,43","949522,33","225863,53","11037,63","26942,72","86335,82","333016,52","85,9022916666667","83871,0127418333","0,924441693190235","73,6231408723672","28,0415405546913","4068,14004970925","2035,65362671742","570,828637289011"
30-08-2020,"822127,38","987469,7","204457,57","14285,19","16179,6","36530,2","465663,05","89,515625","110978,8992","0,57736945293345","77,9832029561938","25,1244112161197","5165,71358352243","1988,83791758543","499,683816836273"
31-08-2020,"878239,94","1012519,95","299014,14","28661,56","57717,91",4920,"465543,74",100,"111939,47495283","0,642967740012988","80,0236202952386","23,5332050570867","4664,14478970127","2447,42597489852","575,957773293272"
01-09-2020,"912160,84","1083403,67","325837,55","15522,91","82181,31",0,"450576,64",100,"121371,675111613","0,95250608012735","83,1139536953299","27,5139280251918","5057,15312965055","3492,25901911813","960,857632973431"
02-09-2020,"886293,85","977398,19","383722,3","7633,9","91719,32",0,"416917,64","97,3333333333333","110552,985867031","0,869746866458779","83,1820146664947","24,3354754685716","4732,57644978729","3286,64614302625","799,820965874908"
03-09-2020,915583,"1008731,13","366662,91","8570,92","86123,39",0,"417062,17","93,3666666666667","111026,027708189","0,972486356026919","84,5204282341509","24,0096871375407","4954,7495407082","3800,87429563879","912,578026874077"
04-09-2020,"942773,07","1008449,83","384541,95","13053,29","89668,74","45492,903","373258,91","99,6583333333333","125693,228576925","1,17895646596237","84,7092223582025","25,9637037638027","5255,17303189754","4834,74641386212","1255,27923662623"
05-09-2020,"861493,86","939336,36","330149,2","13953,45","79184,01","73406,69","338339,88","94,3625","113326,141619454","1,16909130733343","83,0365659863717","26,7485644841007","5004,02444559782","4112,89322430649","1100,13989626583"
06-09-2020,"892592,06","997642,09","285883,25","16257,2","81435,38","71556,9","419377,56",100,"118322,114358853","1,2771564023143","83,7954610343234","27,968754373169","4930,08809828554","4527,48871361581","1266,28219758416"
07-09-2020,"912935,87","1066875,84","381774,54","10557,48","83340,46","91110,0339","368792,06","80,0972222222222","94205,8215054823","1,0656527621154","82,2444910240354","26,9151205390098","4900,59761602995","3067,63683668065","825,658152291664"
08-09-2020,"922659,15","1036155,94","318925,33","13025,16","89282,68","66089,98","431282,37","88,334375","96176,6547118536","1,08272089954265","81,1447424624511","32,1136148787258","4536,58115880019","2631,22131379704","844,980279319733"
09-09-2020,"968630,36","1040243,52","481530,31","18274,8","63963,74",0,"312795,9","31,6736111111111","32089,6073975919","1,00230672759517","82,0487448020529","33,4414598234479","4221,39101919648","789,135831055319","263,898541894796"
10-09-2020,"875068,04","1014414,36","380738,58","15091,26","61128,43","55061,08","364262,16","25,4305555555556","25131,6191403138","0,824454590164559","81,9703921745871","26,9417783886891","4117,68746154787","630,402552920233","169,841658764408"
11-09-2020,"915205,67","1049343,09","418809,14","13821,53","68654,66","34867,62","395753,21",40,"36386,7300395068","0,800638086303283","84,1707016288001","26,3422681607063","3790,28437911529","930,865758298691","245,211154267234"
12-09-2020,"834162,17","954732,2","346247,32","16144,68","135899,91",0,"401039,71","39,75","40838,8117921803","0,845301970225322","84,4409105284377","27,1588727738049","4280,79788177991","1073,31239810388","291,499548666508"
13-09-2020,"884800,05","1016051,72","336235,95","22339,1","134504,08",0,"395639,72","39,8055555555556","38700,1015802723","0,788188265421295","83,1677877282437","27,6427634029052","4050,95271251978","917,731761867077","253,68641960623"
14-09-2020,"952410,99","1068000,07","334834,3","12487,78","141820,79",0,"431486,07","57,7322916666667","60257,4772314074","0,838444335966519","76,736895253597","26,7036094806918","4348,91487154484","1451,84226869891","387,694289708972"
15-09-2020,"911474,08","1081646,03","353478,67","11747,67","159382,64",0,"458395,81","78,0585416666667","98135,7712127166","0,91401736718879","73,3922578284589","27,6549070702494","5238,36389956878","2380,45421417479","658,312400779873"
16-09-2020,"907040,21","959801,42","272003,52","12599,33","119599,06",0,"448427,12","93,0585416666667","114288,028637852","1,03887471416113","73,3163867886397","25,94400993226","5117,21020763598","3355,27305516596","870,4923746867"
17-09-2020,"965081,13","1017138,12","341699,96","10865,94","68998,04","3503,5915","447118,59","97,6416666666667","123148,227054021","1,09573488236797","79,2271462174778","29,1759916413761","5255,1091172664","3664,22419598043","1069,07374514053"
18-09-2020,"883716,56","1022702,04","276471,34","10073,45","104476,76","59048,4299","485248,32","93,275","117293,787203676","1,43659380536058","80,9440870845873","32,7310845589936","5239,6045387151","4167,09816881684","1363,93642529171"
19-09-2020,"814136,52","966243,19","319509,27","10926,08","62669,76","75585,116","434259,3","98,2083333333333","120760,487598999","1,06301906316854","79,2538456115362","30,5670344859848","5123,48271527363","3328,38034217415","1017,38716701711"
20-09-2020,"804265,8","987381,43","296545,49","9876,54","75567,85","72147,0189","427537,2","91,5083333333333","113915,373047808","0,930435650195625","79,0824063963773","27,8083721782038","5186,93074618925","3014,20640062244","838,201734104328"
21-09-2020,"848382,37","1012888,55","302290,8","6328,28","70025,27","71822,0592","411051,08","99,2083333333333","114360,003095113","0,819489700056761","79,2115481836429","26,1042764353889","4803,02406951334","2843,77020477491","742,345635441668"
22-09-2020,"922261,45","974099,22","319675,14","6981,09","133346,87","19107,06","323155,5","90,4583333333333","111464,81395655","0,904499233240741","80,6843594560532","25,1507369950644","5134,26135221327","3234,33230293377","813,458411057282"
23-09-2020,"798751,35","926710,84","315378,04","8952,13","147742,64","32437,77","264616,97","98,4239583333333","121043,388513","0,766410300069077","69,2704524297345","28,9206757225997","5124,23459366897","2221,98945697918","642,614365443301"
24-09-2020,"865585,32","1008301,42","270097,47","8627,18","120280,97","39356,78","372704,07","82,5895833333334","104132,556739925","0,823666398355636","77,5256589432856","24,7400208617822","5253,51546249905","2687,71543656102","664,941359710537"
25-09-2020,"918234,01","1062299,38","395779,4","11137,54","78742,66","72518,17","368870,63","98,5897916666667","126082,308930475","1,22100650342464","81,3359557653357","33,2261569715548","5328,57352669098","3768,55269569586","1252,14523422767"
26-09-2020,"1048336,23","1118366,35","405466,79","19540,65","124130,9","68523,71","309474,62",100,"113129,041339775","0,809955900900765","78,8899565921271","27,9037552616352","4713,71005582396","2590,56529814295","722,865000686659"
27-09-2020,"984359,88","1113641,48","323202,06","17116,62","125801,24","74583,3","391588,03",100,"113731,801195025","0,974948438368154","82,5773588234635","26,4573798366774","4738,82504979271","3460,80971343296","915,639571307583"
28-09-2020,"921903,52","1068384,19","410868,97","12935,92","66436,27","75800,65","432360,04",100,"118546,1716485","0,951246985665225","81,0693934006858","28,174216664533","4939,4238186875","3244,78481042181","914,192702786095"
29-09-2020,"932930,48","1081774,07","400242,37","7205,16","83846,8","85115,8801","415441,3","99,615","123322,85957295","0,889785114348852","79,6653682790523","27,2954048047586","5158,3119833421","3202,64462743056","874,174815515022"
30-09-2020,"805014,64","903852,79","266383,34","6753,14","164844,71","29170,9749","370550,67","82,6527777777778","123921,197503031","1,00405604862807","80,2691572533115","28,0115131547245","6247,07767617364","3565,46101350949","998,739580825784"
01-10-2020,"914976,75","1048945,39","292889,56","9655,38","147858,07","76651,243","474755,83","99,325","116954,497431376","1,09110780393699","73,8443566468968","26,6614362605964","4906,2210517399","3534,42165087806","942,327575629572"
02-10-2020,"952505,08","1026524,81",310594,"10469,21","137076,52","38140,6231","468974,63",100,"125556,871051674","0,922852303536924","76,180223297511","29,3394977857347","5231,53629381973","3008,58475558168","882,703657745839"
03-10-2020,"908769,72","1051486,79","285104,34","25209,33","102589,14","88611,6243","492576,67","98,4791666666667","120798,984949875","0,930009465424971","72,5621741278154","28,0583086023666","5111,02115294584","2905,35665420223","815,193936035453"
04-10-2020,"952581,71","1045016,89","292710,11","10754,39",57038,"23458,5964","436229,37","92,70375","114367,382865322","1,31467738429872","69,8133147262219","29,9437253461214","5140,36122528853","3505,53092874164","1049,68655322574"
05-10-2020,"939725,33","1102469,99","384329,52","11294,68","26565,39","72726,4969","390254,28","92,7833333333333","118749,154194","1,01053736025584","74,3621071540646","28,1358798877387","5332,72652209449","3171,56842564783","892,34868279772"
06-10-2020,"947520,25","1089423,49","411565,18","11066,73","71474,45","60288,41","443064,96","98,4833333333333","110301,165766716","1,02173057340156","64,8455764225335","26,6412166382392","4666,65957720071","2743,10727886228","730,797152781007"
07-10-2020,"973758,75","1124628,67","531899,5","14017,47","70554,89","45388,3176","416312,36","89,7666666666667","112123,128313413","0,933240717919327","74,2796760445257","25,2202565761486","5204,37840296201","3081,8350202765","777,246699367335"
08-10-2020,"965834,82","1137142,64","486203,77","4569,67","92037,48","39575,0203","450972,4","92,7166666666667","104354,449078525","1,01131855160246","80,2276831907842","29,6476291190556","4689,66605601856","2855,83574644999","846,687590356906"
09-10-2020,"1033287,65","1164768,24","585321,28","17932,39","38338,28","37402,4725","356039,47","94,85","118758,348427738","1,32197571653391","77,7837182021103","35,9965156992695","5216,93676101469","3392,46879199085","1221,1705613018"
10-10-2020,"945425,05","1080905,92","413782,6","13850,63","103434,01","45069,5077","404301,82","99,475","122658,476000311","0,893677559416296","66,43043299145","24,9189100545995","5137,74298401238","2922,24388041061","728,191324135558"
11-10-2020,"972786,81","1128521,28","415420,93","14936,06","148070,5","39269,2278","427363,57","98,3","122959,198638658","0,816808133814765","66,1259552035688","25,329871230955","5211,90228207264","2621,92373170959","664,129905015889"
12-10-2020,"990392,31","1140123,45","441136,6","22429,31","58620,98","39537,9372","466826,08","98,4583333333333","126923,727463409","0,786949836878479","73,106214763396","28,327332208199","5371,29612625514","2577,73631391243","730,203929093357"
13-10-2020,"1011130,91","1147000,75","511643,96","13958,3","60486,29","37851,6116","420609,46","94,675","116607,880933428","0,875019246746491","78,2031139970245","30,4698059521786","5131,93737054081","2618,78513614681","797,93874928843"
14-10-2020,"936965,68","1041854,69","437024,77","10460,48","41064,95","46822,3171","385701,488","98,0833333333333","124391,337592147","0,860114656017751","80,7257406265174","27,7283419611641","5284,25393339622","3114,83196326599","863,691258290036"
15-10-2020,"1027692,69","1137401,63","476937,36","9812,52","27712,9","37897,6575","501777,12",100,"128118,394611725","0,972101670078288","81,7500774737044","30,5515704361445","5338,26644215522","3332,5587253052","1018,1490262875"
16-10-2020,"962500,93","1095071,8","537636,08","6072,2","29678,12","39582,1304","448145,82","99,0291666666667","129213,947505552","0,882282335830098","82,0832372329733","27,8644504791217","5436,69573381376","3358,31146484166","935,775035055473"
17-10-2020,"979139,34","1152151,45","519148,85","10865,94","72838,27","48540,2162","461159,34","98,5583333333333","128112,796483349","0,964350265038166","84,6293862464596","28,9786562735368","5416,11551886991","3608,03102291191","1045,55890837222"
18-10-2020,"1073098,39","1196408,67","575885,12","13308,4","25706,94","37465,5031","451431,21","99,125","129064,119803005","0,881122267259704","82,8898919694784","27,3175519524103","5425,14164787745","3450,65465235421","942,634377355123"
19-10-2020,"1064406,22","1192704,24","562759,08","10413,92","104670,76","40082,4952","469700,19","96,1541666666667","125452,558099304","0,89868595826811","85,9647887496117","29,4321970564861","5436,25939677187","3292,95196157035","969,18811030481"
20-10-2020,"948639,63","1109932,2","471219,21","10922,2","101447,45","50572,89","434531,87","97,6958333333333","119892,48777705","0,77725502355737","82,4265484012346","25,5288575611537","5113,3402045912","3008,78561196622","768,108593199344"
21-10-2020,"923310,02","1124507,42","536722,34","14582,98","76378,77","37981,32","437886,13","79,8","103822,985022175","0,917832657739303","80,324290192654","31,2266349678511","5420,99963566077","2451,19988498783","765,427240417535"
22-10-2020,"865089,65","1076309,09","403376,44","15558,8","93653,5","43117,47","479087,85","78,8083333333333","107508,418726483","0,972356936179472","84,0077077130293","29,9695860679378","5684,06570405432","2930,26285920944","878,187649607588"
23-10-2020,"834604,49","1101415,6","447316,47",8342,"101723,9","37776,65","438442,91","77,45","105920,853884258","0,950372158494317","78,9688845533837","32,1285590865869","5698,34591587359","2474,22922963739","794,934199981655"
24-10-2020,"916061,21","1112528,89","328723,3","9704,85","105603,9","42412,28","452156,77",80,"114908,9114044","0,962924314518866","75,1394724007957","29,987793146305","5984,83913564583","2772,48687129482","831,407627972352"
25-10-2020,"905738,47","1103367,24","370277,13","13802,13","55360,81","40205,53","438131,54","89,8166666666667","114580,6660585","1,09530025579964","78,5545392497145","32,7514945347744","5315,48831223325","3010,12613524884","985,86129667584"
26-10-2020,"999615,07","1142174,03","419350,4","24530,33","78334,29","24923,18","414938,84",100,"125298,4999567","1,03218564414886","77,1956640026392","35,2496961317995","5220,77083152917","2832,31280560431","998,381657477565"
27-10-2020,"1078422,72","1126625,9","481154,92","6720,16","100287,33","2098,8375","427420,315","94,3583333333333","118156,28895425","0,782779065349013","78,6731520721028","26,6733978012429","5217,53461778018","2727,99929221269","727,650103226981"
28-10-2020,"982681,78","1059235,15","452842,56","10982,34","104276,94",0,"372673,03","74,854375","89430,6857275416","0,876394744389433","79,7469068961503","30,8183362883216","4978,03711804541","2028,10755440396","625,029006405068"
29-10-2020,"1100405,83","1144082,02","473033,11","9392,51","104693,07",0,"468318,91",100,"128026,302189458","0,731703386724442","71,8797521015033","25,4807878861338","5334,4292578941","2642,5790344856","673,349958500718"
30-10-2020,"1013663,58","1171355,51","405223,32","7377,82","105782,38","37625,4561","433064,26","97,5503472222222","124156,778966118","1,13571077485503","81,4381100289047","28,0318820211387","5303,10682729151","4096,5061643486","1148,32777497887"
31-10-2020,"949684,32","1081290,04","349641,35","7998,62",97413,"57006,3277","433059,41",100,"125031,465463252","1,32724640406464","81,4847874885319","30,6970107864535","5209,64439430216","4405,05493963026","1352,2201899675"
01-11-2020,"899640,08","1060163,44","310759,87","26672,09","100653,02","74587,956","419378,53",100,"129775,163932545","1,08911615698014","76,8226581773459","38,3634588721357","5407,29849718939","2830,33186455593","1085,81320080387"
02-11-2020,"936578,65","1111841,16","348567,56","32431,95","137415,05","68102,0316","489167,314",100,"130273,817675492","1,06061835570523","83,7976574475989","37,680677430976","5428,07573647885","3072,76576466478","1157,8389559928"
03-11-2020,"1093464,51","1209405,7","512437,42","6568,84","123883,55","60630,238","362356,11","95,425","116411,523849477","1,15815964998746","84,7292590673904","38,7611669400994","5083,02872454271","2947,14137570687","1142,34638859848"
04-11-2020,"1037182,2","1176692,45","517952,84","10306,25","86138,91","71826,6473","330591,52",40,"42594,6727199972","0,886736979646556","78,5667459516241","34,2811262889803","4436,9450749997","865,632971181","296,748732049611"
05-11-2020,"1081765,34","1212457,32","494673,81","31935,31","120057,87","26147,0581","453083,12","70,853125","89167,668865148","1,01126174584857","78,0084372807118","36,7807784467699","5243,69184287614","1912,45688549456","703,416529943749"
06-11-2020,"1016982,92","1196324,28","480960,92","15584,02","96540,22","60233,8766","409754,19","82,7239583333333","113285,088819696","0,982118441514028","78,2799874622514","30,9580393650388","5705,97941546036","2813,28619291472","870,938247053738"
07-11-2020,"951390,55","1197335,02","433880,03","18581,32","78807,65","80429,7422","474947,89","96,734375","127653,20290837","0,82759379917669","77,091830579537","31,9235952446646","5498,44194942636","2551,20587619439","814,436637774397"
08-11-2020,"1082788,69","1261478,21","493368,97","86329,03","81646,84","77404,2443","446878,03","98,45","129174,644734121","0,845078924278712","75,2621411007662","35,0950786899086","5467,01560581181","2341,01876717102","821,582378484197"
09-11-2020,"1019748,39","1251676,36","476643,45","25833,04","104070,33","68095,5423","371087,08","88,39125","117156,415204738","0,957538646751848","75,4279380176388","32,1860361258863","5522,62503380983","2628,97906020407","846,164150059268"
10-11-2020,"999076,72","1176084,26","433933,38","13789,52","92778,56","64694,9163","319142,61","99,75625","126431,272363333","0,947895040732736","75,7604349088372","30,8718681039175","5280,84173353104","2940,99515237754","907,940144384604"
11-11-2020,"991617,42","1095201,78","499697,44","16252,35","128790,78","24078,6107","254642,46",99,"122147,2271045","0,91093457962994","80,7124225036618","31,2130210664182","5140,8765616372","2877,23528613077","898,072055990415"
12-11-2020,"1044850,05","1155587,19","469275,97","50233,39","141295,05","73231,8281","239481,36","98,5","123609,788323333","0,792436012489546","81,5258699606956","29,2348383775409","5228,84045360971","2731,56671021362","798,569112905663"
13-11-2020,"1048468,15","1200979,31","436416,58","31970,23","110706,1","54126,9118","245296,51","98,1552083333333","124800,984273333","0,92069978362216","80,8830457441769","31,5487272078254","5297,77390286783","2945,85730052078","929,380483673108"
14-11-2020,"1024301,57","1164065,96","391468,72","34671,68","85957,52","77399,5689","223803,25","91,1388888888889","108649,665673333","1,02120366016408","83,2868142582347","30,8006902979942","4967,22031423346","3000,24387369078","924,09582372004"
15-11-2020,"1013954,58","1115119,76","433503,67","15355,1","81825,32","79491,2381","223379,36","99,1527777777778","125366,682723333","0,908634627186027","82,2829812793068","31,7740101022371","5268,24552696456","2949,9143535351","937,306084699584"
16-11-2020,"994702,99","1138143,68","487489,02","12753,56","98660,64","63615,5682","291480,15",100,"127625,594983333","0,851070079403108","81,6525496968611","29,0063279853295","5317,73312430556","3057,59598576845","886,896320098266"
17-11-2020,"950614,55","1098806,3","436263,32","9317,82","128837,34","65283,91","313287,69","99,55","122931,46625","0,965974714852334","82,8723240001822","30,6948365131701","5145,29826929516","3206,0700981588","984,097975127475"
18-11-2020,"937756,23","1173707,76","439334,34","7417,59","148689,36","49247,87","417481,21","98,555","116028,342785","0,951514382924767","82,6198373920284","27,5938048495441","4905,39727330763","3305,6144178883","912,144791550491"
19-11-2020,"1149611,02","1313470,21","594921,37","31761,68","147322,63","27386,01","422437,91","99,2125","126215,025545","0,945876576012084","82,0791175383488","25,1737426072775","5300,70242933938","3892,5161335035","979,891992394923"
20-11-2020,"1150442,31","1347972,14","636358,8","21642,64","116024,61","78157,75","428386,92",100,"119928,725263333","0,880711717207373","78,9172783935566","27,2368330802204","4997,03021930556","3060,35975382593","833,545077803814"
21-11-2020,"1131884,27","1359948,73","568438,43","22811,49","145645,5","75343,78","468595,36","98,2083333333333","123100,649881667","0,727000800421068","73,7254378801767","28,3863673705468","5222,76834457644","2324,35669941243","659,800431697128"
22-11-2020,"1098058,43","1315546,98","639724,7","21145,03","104137,26","76573,74","365062,41",100,"124853,563796667","0,741555761480909","79,5826593128364","26,6817276688397","5202,23182486111","2761,52676574575","736,823051138398"
23-11-2020,"1042492,95","1310533,05","569234,8","22525,34","81394,64","74832,59","405757,79","98,65","122081,143683333","0,805342168620409","79,6144738400084","26,011514399904","5156,324703638","3009,23026182209","782,74636288012"
24-11-2020,"1068579,16","1263050,58","480063,67","12084,26","100653,02","67401,42","451428,3",100,"120016,164638333","0,865693934016759","78,0456170959228","27,0091881775416","5000,67352659722","3002,21027145302","810,87262170223"
25-11-2020,"1019217,8","1143162,46","392218,53","13593,58","99641,31","50086,9297","425645,7","99,025","117511,356653333","0,821911234577408","78,5728886845104","30,1220670818069","4944,51555387248","2519,37436255036","758,887635529263"
26-11-2020,"1028856,69","1191934,06","450901,59","9046,22","97556,78","74033,31","396585,47","97,133125","119448,471643333","0,876971274417863","80,2555536404165","28,3323078517716","5123,91591622894","2967,28395574038","840,700025176593"
27-11-2020,"1066108,57","1216464,39","479824,08","16158,26","99306,66","81913,59","355666,99",100,"118753,181803333","0,790000003640857","79,0010569043049","26,6363658849208","4948,04924180556","2782,46863555464","741,148526399497"
28-11-2020,"1091910,57","1306782,06","544467,79","17706,38","102898,57","79187,89","421720,11","99,525","123588,795526667","0,906382647614032","78,9351507695494","31,5054767307438","5174,11017025315","2806,56477068696","884,221610762034"
29-11-2020,"1137382,23","1310328,38","627134,1","15302,72","49386,58","75062,48","419014,78",100,"125009,28","1,0351100726898","78,5003731285125","31,165941467364","5208,72","3259,26939768874","1015,78199274738"
30-11-2020,"1184688,16","1272501,29","659432,19","13047,47","59472,6400000001","82565,43","338377,71","95,3541666666667","125884,032340015","0,87496997762422","79,4694017701395","26,5206265139824","5500,72240943914","3300,50170697957","875,313730795665"
01-12-2020,"1175628,36","1269082,04","569616,01","12265,65","75758,94","72740,3","401132,83","94,4027777777778","117241,812891506","0,849381490436317","77,4490290389976","29,5264728921692","5174,71588457434","2612,09954985973","771,260865505805"
02-12-2020,"1081045,6","1241447,71","534987,01","26303,49","85945,88","51900,82","430662,54",80,"92420,7045288905","1,08656004817186","79,2699744302188","31,1050966670756","4813,57836087971","2559,17609248924","796,034197449468"
03-12-2020,"1240693,05","1305705,36","676829,14","9383,78","63274,07","27051,36","349902,28","54,5416666666667","63991,0665313033","0,911572386358634","85,1333373657026","27,5782127065853","4888,54595349911","1800,71114008992","496,603948445176"
04-12-2020,1151390,"1266672,56","582565,51","14719,75","97963,21","38056,01","394059,59","74,0277777777778","80319,9563829722","1,02125666454811","81,3757544294764","28,8122012464879","4520,82306095528","2316,73818035337","667,503266877636"
05-12-2020,"1103291,58","1221915,79","536395,45","34749,28","78457,48","70349,25","367380,71","95,0416666666667","111388,206826403","0,974182010556301","79,0932833652344","26,6449939502424","4883,30586700581","3221,09324238407","858,260099564901"
06-12-2020,"1201267,4","1324375,92","585126,31","15268,77","80030,82","57155,31","394718,22","98,4555555555556","116465,700149751","0,858758078476319","81,8612472701375","26,2549400365215","4928,86102653836","3118,43146704727","818,742311753279"
07-12-2020,"1080909,8","1236814,02","524195,76","16481,27","96593,57","57051,52","411954,15","89,0826388888889","104811,638147629","0,88418738528563","82,4435658220355","27,3584365409388","4902,35992551993","2792,66804590853","764,030315138961"
08-12-2020,"1050797,12","1204600,32","498716,97","14651,85","52934,84","74564,87","382300,28",100,"122851,145582105","0,79954394427694","78,6765251552654","25,0313111855004","5118,79773258773","3087,33047668397","772,799298943559"
09-12-2020,"1027198,96","1138194,12","472646,08","6584,36","75879,22",53562,"308656,91","99,6388888888889","121506,832178519","0,694848291903385","73,8007857939364","26,2316231735613","5081,13321069915","2375,34400147829","623,091287543576"
10-12-2020,"1037067,74","1215472,08","557661,73","11322,81","47858,83",60237,"360026,17","93,6017361111111","115683,561989674","0,825908280116884","78,0740667902563","28,3141225870292","5149,63569747744","2634,55437460991","745,95095524899"
11-12-2020,"1089619,43","1185964,68","565692,36","16114,61","68954,39",21533,"349431,83","98,1111111111111","109195,571946277","0,753935061792362","79,0543759055983","24,4771432400463","4637,41103962105","2658,91315806394","650,825982327748"
12-12-2020,"1134065,8","1252969,37","559303,94","17479,4","84422,98","68562,51","415570,31","70,8680555555556","108220,405638392","0,848413560457397","80,3082912187796","24,7937665470239","6362,78720068941","2973,95666793122","737,355873456518"
13-12-2020,"1120502,29","1278765,55","582268,69","12200,66","67284,05","73037,12","440442,08","99,9722222222222","133002,587893559","1,15694276346203","82,3188810248805","31,6285099635083","5543,31430509414","4004,90935642043","1266,69315482491"
14-12-2020,"1055532,66","1186082,05","460755,82","13557,69","83993,27","44356,16","393613,39","99,3472222222222","119585,900183444","1,25343054179378","85,3478171947895","33,5948792648577","5015,48581784331","3808,02318131472","1279,30079014047"
15-12-2020,"1122114,43","1251809,25","544454,21","13730,35","105488,47","23792,16","404320,25","99,0069444444444","116408,328726166","1,09919483388536","83,7188872801374","28,9763154831455","4898,99679004695","3696,911198069","1071,22865188421"
16-12-2020,"1031166,26","1177513,07","566518,8","11557,55","79435,24","32104,09","391164,14","96,3055555555556","117215,958069369","1,01333869943791","79,3838334352868","26,8071065943654","5071,35670908723","3517,41406751399","942,916938443681"
17-12-2020,"1189376,17","1325888,15","633536,1","24648,67","90271,11",0,"481083,14",100,"121308,698501818","0,979311550642688","81,6652120841668","26,857288698655","5054,52910424242","3612,33273626022","970,17463173343"
18-12-2020,"1146938,67","1294800,62","546617,31","20284,64","175010,31",0,"457094,07","98,9114583333333","122887,02624392","1,07894077994711","81,5960283734923","27,3585184599261","5176,64267258889","3954,39535957179","1081,86398442691"
19-12-2020,1061564,"1242925,02","587022,66","17460,97","129171,02",0,"421880,16","93,5625","115784,233908996","1,09241675842177","82,5767254249921","31,7452970210408","5156,27850852801","3290,15260843466","1044,4687179931"
20-12-2020,1146722,1338970,"660241,97",14486,72545,32592,"426947,44","99,9166666666667","124961,226530757","0,9705994099253","82,5448093340586","27,2372453118778","5211,06032238351","3675,71549132779","1001,16364533965"
21-12-2020,"1090453,63","1284528,32","582489,85","22134,43","24910,57","62354,51","424828,96","91,5013888888889","110525,944879232","0,835686568481819","81,8553883232063","27,8085731615217","5032,98120304331","2718,7935156651","756,057683914437"
22-12-2020,"1030457,6847","1174364,5761","534605,2665","12606,12","57463,5857","73483,32","425151,97",100,"120922,409827325","0,697318420117228","79,6368850679589","26,2665992590683","5038,43374280521","2556,51501281489","671,509553414006"
23-12-2020,"1089943,41","1255155,75","602369,03","9717,46","102126,2269","42836,17","404012,76","99,85","123055,645598448","0,752433355256662","79,4832284898523","29,8133159509459","5135,02109824936","2468,50947953791","735,944530413688"
24-12-2020,"1034969,63","1212020,82","482087,09","10073,45","120597,0348","67454,77","387233,7",100,"112559,82762575","0,808097631020451","81,2201129756538","30,4206864421458","4689,99281773958","2428,52082812098","738,772706304887"
25-12-2020,"1066478,14","1239294,31","442781,72","13406,37","88670,416","71410,43","363641,36",100,"117163,098046975","0,963527999481094","79,9864420730692","31,7736057016644","4881,79575195729","2841,87560246048","902,966348457592"
26-12-2020,"983246,319999999","1227981,2","460291,19","14740,12","65502,6353","84033,04","427770,97","98,825","118988,551340825","1,23024019934077","80,5531171180514","37,9097941109685","5016,80374992938","3110,46999290715","1179,17277019456"
27-12-2020,"1045805,5","1226002,4","574383,56","11210,29","63367,1900000001",72847,"343163,69","99,65","115648,606741025","1,0986749526257","83,1432220124768","36,6654668952896","4835,61660566253","2881,23883349249","1056,41967066842"
28-12-2020,"1013204,77","1247511,18","556504,52","9770,81","64832,8600000001","74548,38","377263,07","88,1958333333333","106486,7674058","1,01635520950547","84,6727888723993","33,1474401570249","5030,79167599566","2764,61735619821","916,399883716526"
29-12-2020,"935959,79","1134076,47","384018,97","15433,67","64089,84","74019,0995","413118,15",100,"117263,778936925","0,918188790140478","84,0555314977314","32,482636457612","4885,99078903854","2786,1910895425","905,028322630469"
30-12-2020,"993879,46","1169419,39","455818,97","15245,49","70076,68","61786,5362","409307,99","99,75","125466,47850487","1,00396417523477","74,3942678827167","30,0012758201642","5240,87211799789","3123,52995510166","937,098837155498"
31-12-2020,"945374,61","1175715,66","431553,97","18566,77","95246,24","65026,181","478339,01","94,05","124620,997318928","0,759702649721644","82,8969442495065","26,4764173316496","5521,04365226513","2964,24548842062","784,82600624884"
01-01-2021,"884801,989999999","1130712,51","315358,64","18984,84","140585,98","63651,7395","414435,41",100,"115583,394345","1,02666984140074","82,8984011799679","34,1174619939574","4815,974764375","2883,33887331816","983,722044261323"
02-01-2021,"1025759,48","1222888,7","426306,27","23818,35","124101,8","59786,6969","366430,11","99,9416666666667","116158,612128333","1,04187172476101","81,903838141607","27,9366985490072","4842,76711950026","3548,09172548076","991,219689589829"
03-01-2021,"1064963,97","1273596,42","489733,6","26851,54","106883,33","62263,5628","432539,49","99,2","111964,959746667","1,03176726549641","85,0497277362629","22,6045573585055","4702,82929043459","4346,51110857243","982,50959663107"
04-01-2021,"1096244,53","1249089,37","517386,36","23346,93","145872,48","11315,7484","397849,38",100,"112688,851251667","0,816987930658659","81,0884198905055","20,7522873801776","4695,36880215278","3597,40602150606","746,544035814751"
05-01-2021,"1104046,24","1213959,85","464547,55","13119,25","88875,28","9438,1","392148,69","90,5","95957,9262581667","1,13556146237788","82,9052570710955","32,8661361409117","4417,95240599294","2748,68466627784","903,386444503237"
06-01-2021,"924409,999999999","1024194,87","319276,47","19696,82","125662,53","51063,71","195389,04",0,0,0,0,0,0,0,0
07-01-2021,"1036848,52","1186746,5","497031,88","10594,34","111608,2","46475,61","280615,18",0,0,0,0,0,0,0,0
08-01-2021,"729483,65","892622,13","295550,27","9689,33","119782,39","83902,09","249905,95",0,0,0,0,0,0,0,0
09-01-2021,"1006090,79","1169181,74","504354,41","17437,69","121597,26","75363,18","232384,84",0,0,0,0,0,0,0,0
10-01-2021,"1049431,36","1213942,39","531362,12","18577,44","117127,5","48533,95","324150,72",0,0,0,0,0,0,0,0
11-01-2021,"1086780,24","1183721,07","517555,14","14565,52","102111,9","54799,18","344564,37","31,8194444444444","45999,7680035","1,05586944442304","78,7593146286119","26,9149945375368","6023,54011394587","1421,25987646849","382,532018115698"
12-01-2021,1094257,"1179570,44","583365,76","12622,61","77431,22","55331,7779","273685,5","76,1635416666667","80265,3912125","1,02492273026576","82,3919810604086","30,0881555965043","4391,06589233694","2252,72838129102","677,804420529453"
13-01-2021,"1044668,66","1146799,96","602495,13","10045,32","114685,04",8655,"258180,05","84,733125","93065,3407016667","1,13959590029032","85,9678350479636","28,404585344608","4576,39503940886","3209,8621814259","911,748042767415"
14-01-2021,"1027844,98","1165597,59","521283,82","13297,73","104314,77","62521,35","343632,2","99,4","111535,939775","0,793798082286681","79,2908817096017","20,0071886731569","4675,3831226945","3508,82780477275","702,017799117073"
15-01-2021,"1034386,66","1210574,55","595985,46","16157,29","63558,28","14036,87","387244,37","91,935","109181,115146667","0,828477801604879","76,1636486639255","24,3856160591695","4948,29295818906","2825,15585421777","688,931659682698"
16-01-2021,"1058241,87","1326151,99","686937,51","18073,04","91023,83","62934,57","398966,82",100,"109647,132685","0,904767854228918","75,0287147184284","23,1733005480671","4568,63052854166","3211,98903285495","744,323872154432"
17-01-2021,"1001215,57","1253614,42","616499,02","21702,78","79737,88","72034,14","360160,03","98,8916666666667","102820,650836667","0,837763223476194","81,995692880666","24,1968354083939","4332,20910241285","2919,00010015558","706,3056498055"
18-01-2021,"1068220,26","1329317,1","703476,98","13050,38","35368,14","51961,93","422570,8","99,1458333333333","115032,09618","0,738129207407119","76,9776402687613","25,688752933145","4834,29696070603","2544,32740783149","653,605981608125"
19-01-2021,"1045683,28","1233087,28","606579,8","10932,87","49249,81","44889,66","391036,1",100,"104064,304326667","0,746042651492068","80,9956131123184","27,7397062171065","4336,01268027778","2266,86199923872","628,820858936047"
20-01-2021,"1008742,77","1098388,23","654434,75","11365,49","96381,14",0,"260013,35","93,6354166666667","90653,2685983333","0,715725956794365","80,2037520901844","26,4676299046571","4033,9645610561","1966,11930763546","520,385181828959"
21-01-2021,"1062230,51","1125814,01","613367,86","10383,85","162848,45",0,"219693,36","76,8241666666667","75735,4628066667","0,832129755736065","80,7788709853286","24,2134510634603","4107,61928248851","2102,47781638243","509,08243718987"
22-01-2021,"1157840,5","1228170,35","608817,59","14737,21","173864,74",0,"230249,87","76,1","77789,7379248333","0,859894480747608","80,8635042972127","24,3185018336705","4259,18407385202","2224,24801407185","540,903794087444"
23-01-2021,"1201211,14","1306233,04","701243,07","9837,74","171899,52",0,"292686,83","85,8625","87867,97816","0,760070139012404","81,9079763551565","21,855708591519","4263,98690542049","2502,91216350233","547,029188756753"
24-01-2021,"1086272,93","1237558,01","593673,95","16471,57","149356,72",0,"292620,87","77,9625","85061,916898","0,803488156917855","83,0428599721085","25,4257683151833","4546,09143808455","2232,2501341094","567,566747314024"
25-01-2021,"1154418,34","1282269,19","705652,69","13742,96","58428,92","52920,29","330369,39","92,7083333333333","108732,900046667","0,739804773683669","80,8897893442155","25,5178683411658","4886,87191220974","2549,92503447882","650,686513096731"
26-01-2021,"1201093,77","1303223,13","597164,98","9714,55",75175,"70183,38","378045,86","87,4","103759,835945","0,819909668136238","82,0998193533793","27,355118236115","4946,59782346491","2553,28262099163","698,453479874437"
27-01-2021,"1124587,93","1213856,06","428118,23","12480,99","140417,2","85330,9","307920,68","99,0166666666667","118618,053873333","0,921508634361177","80,5018948619505","27,5836920640712","4991,50201453179","3190,09715941867","879,946576998731"
28-01-2021,"1123962,28","1276817,79","527738,2","23475,94","54237,55","76246,85","427516,83",100,"125806,49608","1,00239305400262","82,0930990465275","27,7182330293456","5241,93733666667","3734,92791679415","1035,25602345509"
29-01-2021,"1138430,8","1286567,26","570525,87","24201,5","75727,9","76455,4","417777,06",100,"126553,554298333","0,893828346281396","78,250629084943","27,4440193815847","5273,06476243056","3225,28866847708","885,148847288905"
30-01-2021,"1138476,39","1306001,21","553421,86","17379,49","49690,19","79371,22","417337,65","98,2916666666667","123169,179373334","0,969760010086861","78,5703608223122","28,744723933391","5221,24541641941","3264,87775346139","938,480096995174"
31-01-2021,"1108392,81","1286072,56",616665,"18329,12","41505,33","85760,61","376910,96","96,5583333333333","125328,318869737","0,690773310737881","80,7576685248997","26,166491307836","5408,14356044434","2671,91750019911","699,147060442149"
01-02-2021,"1098226,24","1273238,49","521166,45","15052,46","68437,38","82664,37","393452,37","99,6075","120200,46579482","1,0033644555324","81,7266478446746","23,8108508462845","5028,08798679902","4139,55477875228","985,663214068946"
02-02-2021,"987176,284699999","1183496,9515","515579,3276","19806,8859","80088,4671","85581,16","355738,77","81,6944444444445","98916,9172174008","0,94691111339599","83,0577465894889","28,5429893080908","5045,06548201636","2725,58967905028","777,964770673748"
03-02-2021,"949173,13","1138802,31","538437,3","11444,06","49065,51","79474,04","378907,22","87,7361111111111","102789,863595467","1,03359288146893","84,3869190321228","29,8106747318405","4881,58288406522","3007,48260773509","896,550857808583"
04-02-2021,"1079560,53","1250566,68","583003,95","13344,29","75407,8","33506,71","443977,73","99,1944444444444","117980,342832283","1,00402201201146","81,8927641388997","27,6050100631342","4955,76909124685","3514,07081041138","970,05960083972"
05-02-2021,"1022407,16","1223719,99","590106,29","12392,72","85036,02","66728,24","371251,98","42,7798611111111","57486,2801311133","0,92876277828841","84,5628391661173","26,4424117120606","5599,04031924874","1707,44806105788","451,49044607452"
06-02-2021,"1004449,55","1223225,29","530568,66","18444,55","90989,88","77423,46","429880,72",100,"108347,197942217","0,792053899140993","80,2487504818701","27,1898814773421","4514,46658092569","2532,81450619935","688,66926227653"
07-02-2021,"1042122,41","1220775,07","580300,56","15628,64","72541,45","20533,93","381817,22",100,"114637,631443617","0,689222890403962","80,5298630202544","23,8823777228927","4776,56797681736","2664,19675318112","636,273531875759"
08-02-2021,"1027476,38","1240328,33","623871,99","11831,09","102022,66",0,"419022,54",100,"117774,05313725","0,796542030974592","81,1772801157985","24,7370214045743","4907,25221405208","3078,54431493243","761,54016613414"
09-02-2021,"1019029,62","1159011,29","580983,44","7290,52","80098,72",0,"416459,8","99,9","118457,610810733","0,831891376675402","83,6013424654838","26,8406888296076","4940,67445823879","3069,36958757083","823,839940030498"
10-02-2021,"867523,38","1086450,44","473161,15","9251,86","123804,01","45335,375","354574,77","97,2583333333333","112369,181030258","0,836456970738863","76,1823180157623","30,3745730425174","4814,03397439201","2357,40837067234","716,052727460288"
11-02-2021,"854291,61","1040976,84","404672,36","8211,05","102959,68","80633,0057","310574,6","98,4583333333333","119051,915664183","0,857194186738317","82,2441569514834","27,5409699721273","5038,16824647412","3047,48394721832","839,306638808798"
12-02-2021,"918470,69","1093952,42","411692,25","11398,47","165602,28","78578,5069","298385,58",100,"113479,97416355","0,856263890723792","85,1248206765695","24,1475978404534","4728,33225681458","3425,38296655262","827,147703258518"
13-02-2021,"968150,21","1114340,85","388607,22","44604,48","120844,54","77514,4169","273526,42","84,14125","83886,9597487","0,76181511810365","79,3986976565801","25,6677845040254","4154,0742377005","1976,82869378945","507,408129135616"
14-02-2021,"925201,52","1078354,82","419091,41","22364,32","92367,28","75333,5562",291000,"88,175","81022,8055914917","0,80705332229139","86,6795988918956","24,2383928797003","3828,693204399","2338,42033740452","566,795508558922"
15-02-2021,"1002570,66","1141612,4","422366,13","34198,32","50957,98","77964,817","307295,03","88,95625","83715,8011388834","0,942021192672333","86,574095163184","27,0034873532944","3921,20663897906","2528,34431974153","682,741138629142"
16-02-2021,"913752,61","1126628,81","398251,93","12704,09","121653,52","72426,99","424049,08","93,6570833333333","107133,841186667","0,953634650160125","85,3113841754211","30,7861779037605","4766,22791418458","2831,13065891929","871,596921342798"
17-02-2021,"937608,79","1104673,83","451019,93","7926,84","111047,54","76029,57","342889,18","94,35","113849,532933333","0,836812706302987","80,5150085015065","27,4081469578595","5027,80131307778","2798,70219313974","767,072410008579"
18-02-2021,"1065409,2","1217276,28","492855,06","8314,84","123949,51","36415,74","404430,83","99,375","123010,792751667","1,05252928841065","76,314147419237","29,9705159428622","5157,68523067785","3296,7669235257","988,058056414276"
19-02-2021,"1025149,35","1174592,4","432950,77","5588,17","95415,02","71578,24","372516,86","99,225","115544,841921667","0,863403631618463","75,5910583540898","28,7285132883743","4851,97119012626","2624,95406591811","754,110277641006"
20-02-2021,"1000037,99","1181220,41","493885,2","9676,72","96752,6499999998","66965,89","359320,98","99,675","114391,83062","0,749342963790943","79,7568990452738","27,2801945178265","4781,86734470362","2506,08871783903","683,665877015791"
21-02-2021,"939810,69","1108295,81","473084,52","10879,52","81697,2799999999","46649,24","406804,42","98,275","109258,023885","0,784399059356564","84,7813256347626","25,5395282302861","4632,32527283134","2844,9703051096","726,591994216722"
22-02-2021,"984438,45","1140538,61","432278,56","16464,78","48180,87","80753,47","415529,57","98,30625","118251,88397","0,890279706848444","85,2633397304482","26,7516938564138","5012,05348803696","3355,41001705621","897,629015390318"
23-02-2021,"943945,8","1116915,23","500315,33","10682,61","25807,82","76550,9741","402227,96","98,0666666666667","111264,717861667","0,849774720159425","82,2151525443117","26,7348356656932","4727,42682960854","2907,60646747707","777,343810885062"
24-02-2021,"879039,22","1096639,32","526257,98","10173,36","41859,38","71138,8203","353895,77","77,5975","89682,0051283333","0,887165350830727","79,8624198728889","27,5143249902548","4815,55490019724","2309,36981009315","635,407514775861"
25-02-2021,"1012585,91","1151111,61","538947,52","12206,48","93268,41",0,"386501,35","95,9308333333333","103837,078323333","0,917818854567616","83,6125812551591","27,8036065377899","4510,06707624996","2866,02471997368","796,858236417278"
26-02-2021,"1045185,67","1190237,53","555910,88","21566,01","91285,73","14261,2601","403675,2","99,75","111316,640936667","0,744668839897946","80,9669136518487","24,4281886627195","4649,81791715399","2747,51197277996","671,167408241493"
27-02-2021,"994599,2","1184640,63","492194,49","31575,44","102384,47","61958,1971","428234,63","98,6583333333333","121852,542197538","0,786282853418401","81,278346358685","24,5319750178298","5146,23457207273","3174,35683295698","778,732425237778"
28-02-2021,"879076,08","1014061,28","431642,24","14122,23","39028,92","74151,8537","382520,47",100,"114032,132068959","0,724396307275626","81,8879810504532","24,8482918464956","4751,33883620662","2722,24429701349","676,431207696494"
01-03-2021,"883729,17","1068758,61","417232,89","12435,4","50561,25","49864,0043","448488,23",100,"122744,852281975","0,872691114259929","81,6462093415332","28,1509209174376","5114,36884508231","3106,75682453097","874,580656770809"
02-03-2021,"924547,74","1071317,47","404961,42","37771,8","90661,05",0,"410115,03","72,2395833333333","93913,6777826912","0,822879838762376","81,8283872713248","26,783073373524","5416,79468104924","2361,06993510228","632,367093118659"
03-03-2021,"879406,85","967769,97","397337,22","6512,58","70605,33","34771,59","326826,95","78,9333333333333","103582,214249903","0,641336594657965","78,2923045170206","25,8727162651285","5467,81114072547","2010,24163144189","520,104113546452"
04-03-2021,"894710,54","1086368,96","441476,1","11398,47","101890,74","53853,43","378240,83","80,6875","107737,261449126","0,627189246892502","75,1626324930943","28,2716438072018","5563,5043350956","1796,4513387095","507,886323649657"
05-03-2021,"906200,19","1047893,91","384643,8","13062,02","64063,65","78591,34","402557,76","85,6736111111111","116611,653382448","0,689067132937915","79,9387024737501","25,2027405678112","5671,31328762817","2548,6653484639","642,333515715058"
06-03-2021,"922983,13","1066982,54","430282,3","20299,19",81449,"66302,41","400583,81","99,7638888888889","117719,84175038","0,758234341903155","82,0637107443815","24,3840987820992","4916,60204999497","3003,98363285679","732,494336433892"
07-03-2021,"989244,8","1079719,61","443382,15","20159,51","72915,87","61821,98","393512,51","91,2916666666667","111895,499765903","0,756871235864792","82,6178875101247","26,8472056360322","5107,05156393897","2606,21126605117","699,694897906196"
08-03-2021,"977719,26","1140191,35","487156,31","20574,67","31881,96","70036,91","395607,71","91,9583333333333","108889,731051999","0,776406219143442","83,6524418166807","25,0393567848233","4933,8346647938","2824,43370037651","707,220031388061"
09-03-2021,"979884,3","1119646,75","473189,28","11788,41","50060,73","74129,3885","446452,2","94,925","115133,352517175","0,930221309506092","82,8513753068295","26,6869536329183","5053,69820547691","3324,97325156704","887,334069952631"
10-03-2021,"962375,8","1167891,64","562423,46","10806,77","72234,93","73250,8013","276798,23","39,7375","46624,7299824753","1,11589897183598","83,5139143053069","29,2659235609821","4888,82562466973","1484,69693773908","434,510270910962"
11-03-2021,"1030552,25","1232043,56","557114,65","18034,24","69358,88","69431,9501","393372,83","93,525","109021,603160625","0,990772309288142","83,8989342468731","26,8844684487499","4857,06153259489","3370,86542177241","906,239250766222"
12-03-2021,"997663,43","1188776,71","501628,71","14415,17","52744,72","50278,2428","429953,47",100,"118774,911432375","0,820597279754839","81,5511267534245","25,839690057748","4948,95464301563","3076,07878154184","794,849223082563"
13-03-2021,"1109130,01","1267752,17","572669,57","15953,59","84096,09",0,"448825,79","97,8916666666667","119646,370509675","0,778637580025249","77,4729231765551","24,0671009409277","5092,63516258087","2998,89356837732","721,74674221236"
14-03-2021,"1108600,39","1230181,16","481707,82","19029,46","83415,15",0,"421333,08","97,1895833333333","118641,428454457","0,80684472952873","78,217949201853","23,9908080690617","5086,34020511704","3120,95769742744","748,742971106426"
15-03-2021,"1164910,83","1337887,05","633426,49","29264,9","100438,65",0,"438923,06","98,7625","125148,049034625","0,863109530769185","78,0986952956043","22,7889146293896","5279,84006390014","3701,77598080896","843,594568037803"
16-03-2021,"1137788,66","1330934,09","670139,05","13862,27","104755,15",0,"429227,91","95,8395833333333","122350,887340625","0,888445443874963","82,0543079703361","22,5289254977483","5319,25688936047","3959,121193088","891,947463956359"
17-03-2021,"1041109,73","1161425,62","651258,97","9689,33","75751,18",0,"231756,28","91,825","111574,116609175","0,804032731722239","82,5161778437624","21,8257878269741","5062,80590839345","3391,61353832431","740,246374785592"
18-03-2021,"1090179,12","1249280,46","720508,24","6924,83","102898,57",0,"315719,48","95,225","121340,3631655","0,662268967259872","80,0209725659895","24,1921899255131","5309,37092699309","2658,08177529386","643,048191454539"
19-03-2021,"1092962,05","1265858,73","737250,44","7986,98","46761,76",0,"394773,51","98,6270833333333","121918,521882025","0,663721903650434","77,8685618692391","25,5092510492884","5150,65257945649","2470,13269930278","630,112351515708"
20-03-2021,"1058552,27","1278073,94","650069,75","9279,99","105694,11",0,"397935,71",100,"125872,47049985","0,668577852337067","76,631089884943","23,5968933808975","5244,68627082709","2732,95772683852","644,893120947084"
21-03-2021,"1137608,24","1324984,11","710539,55","13084,33","82908,81",0,"419080,74","98,7791666666667","118404,9919687","0,678810367077544","73,3598526869805","22,8593886928922","4994,5160487915","2579,36211878337","589,626412529909"
22-03-2021,"1163125,06","1310117,89","638242,54","11929,06","89137,18",0,"421547,45","95,85","109127,016237125","0,749013873785383","72,5111487054638","26,2882805595006","4743,82786633303","2254,57531165862","592,689083354053"
23-03-2021,"1120043,48","1262848,82","616333,15","21448,64","88190,46",0,"398062,78",100,"118319,26756915","0,733455116655576","78,6779788093326","24,1030724272494","4929,96948204791","2832,76014806836","682,782230179173"
24-03-2021,"1047099,48","1216167,57","501836,29","36816,35","66382,92",0,"394781,27","94,6","118130,3682147","0,699135689484935","76,302094523884","22,4670908546633","5203,06413912527","2804,86942497492","630,172562063789"
25-03-2021,"1141210,82","1302984,51","513976,81","32718,1","99300,84","12047,5261","421493,13",100,"122212,2622184","0,688168547826605","77,1506654204334","26,064064293612","5092,17759243333","2489,4713971365","648,857425520739"
26-03-2021,"1205836,1","1325125,73","658547,55","36461,33","64616,55","72600,62","330753,51","95,6791666666667","118391,47923115","0,738769176343268","78,8221863650808","27,7132664843596","5155,74965079257","2487,65398646899","689,410178478946"
27-03-2021,"1082293,02","1259039,63","483830,18","25135,61","93140,37",66639,"398798,04","97,4166666666667","117050,1794546","0,693611775239974","79,3200590933381","27,7597286247668","5006,42341550899","2319,8310349121","643,978799844719"
28-03-2021,"1061377,88","1247924,4","497189,02","13053,29","61214,76","69872,98","447307,74","97,2083333333333","126114,50513225","0,708776598873843","77,8077013408103","28,7758179328106","5405,67960275396","2416,95919655011","695,499777909582"
29-03-2021,"1087202,19","1273906,82","515642,3","17417,32","91320,65","69854,55","408135,26","99,2183333333333","113309,365179975","0,724803185503982","84,6368397702899","24,3301545847017","4758,41852060166","2856,93572978018","695,096879441093"
30-03-2021,"1107197,77","1271206,34","534912,32","16742,2","99392,02","81066,78","373266,67","92,1083333333333","124338,6","0,756141537311298","82,5174646377944","25,7641375876203","5624,65394010676","3011,19815055638","775,809234545225"
31-03-2021,"1144606,79","1225529,04","475252,47","3957,6",123966,"58795,58","365577,48","90,5741666666667","119944,707469601","0,82223565961127","81,9156534821256","27,0300733995308","5517,79423260866","2988,8015004185","807,875239329397"
01-04-2021,"1146035,6","1265649,21","527274,54","6111,97","92570,01","70218,3","357168,55","79,16","90770,612404325","0,749697432463182","84,3617982763389","26,8925011959982","4777,80299416398","2134,74458743656","574,086213707885"
02-04-2021,"1183458,2","1298898,87","591372,14","11542,03","90957,87","76921,97","324413,59","62,4395833333333","68309,9301874917","0,739112143799787","83,5664391016003","23,9942032469855","4558,40180090699","1758,40837145824","421,916078559697"
03-04-2021,"1323492,25","1402252,37","684533,85","13246,32","99682,05","36280,91","317158,96","96,0416666666667","115983,892059892","0,73889736133047","80,1831733321039","25,4787789790897","5031,83913491938","2697,03400595643","687,171333368529"
04-04-2021,"1274530,53","1385920,48","755238,12","10241,26","90021,82","76628,06","315863,04","94,35","110022,442456408","0,792484732179107","77,2288338131154","26,513271346223","4858,79007491646","2539,734661656","673,366742318934"
05-04-2021,"1222429,89","1320967,34","610254,16","14412,26","86236,88","44480,2036","411594,28","99,6","122869,159598858","0,797529399177501","74,2474296081091","28,7046117869277","5140,1087516256","2534,65780304331","727,563682490655"
06-04-2021,"1216382,91","1330982,59","666968,12","9036,52","83477,23","64244,07",379561,"97,9583333333333","112389,438660123","0,747475646495429","77,1017489610028","27,2640283619858","4780,49505147271","2375,72820823387","647,71921249658"
07-04-2021,"1096876,97","1220944,82","534130,5","11820,42","75484,43","54316,12","357381,95","78,8435416666667","82512,0701163275","0,757615928130613","83,8908629585834","26,3832331932307","4360,538414229","1987,71092905684","524,422409620397"
08-04-2021,"1123651,88","1214157,73","409236,21","30362,94","114055,51","54316,12","366024,65","63,078125","61459,6592646325","0,75077343209248","76,5768918381623","32,1419204648417","4059,75785746066","1099,32209452816","353,343233275673"
09-04-2021,"1128908,31","1260643,04","528780,95","36371,12","103545,56","69465,58","349688,88","71,4325","64243,2077519583","0,703233341188279","76,0949537117108","27,0404961166256","3747,31434990833","1271,35803612409","343,781520386543"
10-04-2021,"1149807,93","1335519,28","607894,15","14112,53","122719,55","72748,06","371315,03","80,339375","77996,900003875","0,841534819603723","78,8600496090712","28,5958137971949","4045,17813773731","1810,10604023366","517,614552796994"
11-04-2021,"1150781,81","1341820,4","632173,97","17123,41","121344,09","67077,44","359814,71","98,745625","112467,080380392","0,968220651401293","76,9044707551221","28,1070878092115","4745,6566801648","2979,44587225184","837,435467541753"
12-04-2021,"1045429,14","1265157,42","480371,16","29739,23","108410,11","70740,16","403142,67","88,75","93092,78264215","0,841945968466696","81,0057179749629","24,6901127852598","4370,55317568779","2571,53734414425","634,915470584289"
13-04-2021,"1063249,98","1192340,49","540399,61",16781,"108787,44","62094,55","295939,24","80,7361111111111","80117,4562883333","0,78347216559646","81,6016308442568","25,3722654430102","4134,73884164803","2018,78614775666","512,21178013554"
14-04-2021,"1007301,35","1064302,43","466518,59","7277,91","111112,53","70914,4787","146140,2","34,9","44515,2913033334","0,765709308266482","83,4212878445276","27,2533552820355","5314,62408110475","1043,35009175883","284,347907342477"
15-04-2021,"1076576,81",1172439,"455929,1","7690,16","96880,6900000001","38720,2078","390485,14","86,1666666666667","89738,432435","0,678217444946693","78,1093798453059","24,3951419369543","4339,38261291102","1948,71027810065","475,39063828267"
16-04-2021,"1146056,94","1247760,47","556727,62","25221,94","120829,02","520,89","328512,81","84,6333333333333","92292,3553388334","0,73315327916568","82,1826965438862","22,4787193221729","4543,73549324701","2473,82704627291","556,084638247689"
17-04-2021,"1081255,12","1213974,4","500512,24","14155,21",103194,0,"441694,35","74,1552083333333","82398,8632316666","0,769767724178972","83,7836636987897","21,4442384236498","4629,86490787434","2478,16168377434","531,422899992103"
18-04-2021,"1067267,72","1172526,3","563817,35","10866,91","86991,5400000002",0,"418052,54","89,125","99285,898395","0,830253125395934","84,2122458771058","23,1708356659517","4641,69697966339","2995,92986146929","694,181984868224"
19-04-2021,"1135955,36","1245356,81","591238,28","12007,63","98883,7400000001","158,9345","420804,43",100,"119010,42132","0,636433710766946","76,9412473765157","23,455694402657","4958,767555","2484,55775262012","582,7702737121"
20-04-2021,"1093966,97","1202345,07","553460,66","16372,63","85742,18","29663,57","404606,4","98,3916666666667","116833,597021667","0,705623298766919","78,5273015764424","23,8214999996424","4947,6411036532","2717,6418969019","647,383064460767"
21-04-2021,1008412,"1130646,55","455992,15","13077,54","104638,75","60414,51","232192,78","78,2916666666667","84391,264845","0,731168541118931","82,0428118385483","23,0073500435427","4491,28604816392","2200,33562243628","506,238918786679"
22-04-2021,"993373,12","1195298,99","426779,63","23775,67","134181,07","47806,8768","400985,39",80,"84421,7380183334","0,774625300564552","81,7182924025182","26,1216753490142","4396,9655217882","2045,80493526051","534,398523462861"
23-04-2021,"988340,76","1201680,62","384303,33","19583,33","119052,95","64309,06","376484,16",80,"82601,632855","0,802931322670401","81,6631368787392","28,3138216289628","4302,16837786458","1912,91027153305","541,618002203976"
24-04-2021,"1094765,28","1273405,33","453332,41","19062,44","100950,81","77095,6","410066,53","78,5708333333333","80465,1882183333","0,719072594834458","76,7559833532813","23,920710037184","4267,12564131799","1856,60254803586","444,112512058628"
25-04-2021,"1081097,98","1237956,68","562088,97","9917,28","73397,96","72860,58","406596,84","93,01125","95692,053858","0,796941044907891","78,4017673559426","27,1147253116546","4286,75983899797","2205,0716952247","597,899133085225"
26-04-2021,"1102750,32","1209534,71","518498,95","76605,75","74874,3","76047,4762","364706,42",100,"90375,1471","0,703790384463083","81,970682752977","24,1040239131072","3765,63112916667","2163,02405421668","521,375835274648"
27-04-2021,"1114442,7","1214159,67","513764,38","24718,51","73821,8500000002","75199,6283","376010,8",100,"96012,7158933333","0,73518133688062","82,762257373585","24,1793909709429","4000,52982888889","2416,07381376396","584,19193357656"
28-04-2021,"1118723,31","1191885,56","573647,33","10426,53","50732,94","52179,6271","355242,13","98,4166666666667","102139,178366667","0,775289464082958","81,7549838424663","23,9991034572246","4324,26665396557","2697,58700708641","647,396696679316"
29-04-2021,"1114245,79","1228040,37","564299,44","12592,54","46132,2300000001","61289,4791","406212,72","99,6916666666667",91133,"0,79","82,3","23,8","3808,95260386191","2489,57742058824","592,5194261"
30-04-2021,,,,,,,,100,,,,,0,0,0
01-05-2021,,,,,,,,100,,,,,0,0,0
02-05-2021,,,,,,,,100,,,,,0,0,0
03-05-2021,,,,,,,,100,,,,,0,0,0
04-05-2021,,,,,,,,100,,,,,0,0,0
05-05-2021,,,,,,,,100,,,,,0,0,0
06-05-2021,,,,,,,,100,,,,,0,0,0
07-05-2021,,,,,,,,100,,,,,0,0,0
08-05-2021,,,,,,,,100,,,,,0,0,0
09-05-2021,,,,,,,,100,,,,,0,0,0
10-05-2021,,,,,,,,100,,,,,0,0,0
11-05-2021,,,,,,,,100,,,,,0,0,0
12-05-2021,,,,,,,,100,,,,,0,0,0
13-05-2021,,,,,,,,100,,,,,0,0,0
14-05-2021,,,,,,,,100,,,,,0,0,0
15-05-2021,,,,,,,,100,,,,,0,0,0
16-05-2021,,,,,,,,100,,,,,0,0,0
17-05-2021,,,,,,,,100,,,,,0,0,0
18-05-2021,,,,,,,,100,,,,,0,0,0
19-05-2021,,,,,,,,100,,,,,0,0,0
20-05-2021,,,,,,,,100,,,,,0,0,0
21-05-2021,,,,,,,,100,,,,,0,0,0
22-05-2021,,,,,,,,100,,,,,0,0,0
23-05-2021,,,,,,,,100,,,,,0,0,0
24-05-2021,,,,,,,,100,,,,,0,0,0
25-05-2021,,,,,,,,100,,,,,0,0,0
26-05-2021,,,,,,,,100,,,,,0,0,0
27-05-2021,,,,,,,,100,,,,,0,0,0
28-05-2021,,,,,,,,100,,,,,0,0,0
29-05-2021,,,,,,,,100,,,,,0,0,0
30-05-2021,,,,,,,,100,,,,,0,0,0
31-05-2021,,,,,,,,100,,,,,0,0,0
01-06-2021,,,,,,,,100,,,,,0,0,0
02-06-2021,,,,,,,,100,,,,,0,0,0
03-06-2021,,,,,,,,100,,,,,0,0,0
04-06-2021,,,,,,,,100,,,,,0,0,0
05-06-2021,,,,,,,,100,,,,,0,0,0
06-06-2021,,,,,,,,100,,,,,0,0,0
07-06-2021,,,,,,,,100,,,,,0,0,0
08-06-2021,,,,,,,,100,,,,,0,0,0
09-06-2021,,,,,,,,100,,,,,0,0,0
10-06-2021,,,,,,,,100,,,,,0,0,0
11-06-2021,,,,,,,,100,,,,,0,0,0
12-06-2021,,,,,,,,100,,,,,0,0,0
13-06-2021,,,,,,,,100,,,,,0,0,0
14-06-2021,,,,,,,,100,,,,,0,0,0
15-06-2021,,,,,,,,100,,,,,0,0,0
16-06-2021,,,,,,,,100,,,,,0,0,0
17-06-2021,,,,,,,,100,,,,,0,0,0
18-06-2021,,,,,,,,100,,,,,0,0,0
19-06-2021,,,,,,,,100,,,,,0,0,0
20-06-2021,,,,,,,,100,,,,,0,0,0
21-06-2021,,,,,,,,100,,,,,0,0,0
22-06-2021,,,,,,,,100,,,,,0,0,0
23-06-2021,,,,,,,,100,,,,,0,0,0
24-06-2021,,,,,,,,100,,,,,0,0,0
25-06-2021,,,,,,,,100,,,,,0,0,0
26-06-2021,,,,,,,,100,,,,,0,0,0
27-06-2021,,,,,,,,100,,,,,0,0,0
28-06-2021,,,,,,,,100,,,,,0,0,0
29-06-2021,,,,,,,,100,,,,,0,0,0
30-06-2021,,,,,,,,100,,,,,0,0,0
